{"cameraMode":{"drawMode":0,"name":"Shaded","section":"Shading Mode"},"sceneLighting":true,"audioPlay":false,"sceneViewState":{"showFog":true,"showMaterialUpdate":false,"showSkybox":true,"showFlares":true,"showImageEffects":true,"showParticleSystems":true,"showVisualEffectGraphs":true,"m_FxEnabled":true},"in2DMode":false,"pivot":{"x":-14.68760871887207,"y":0.9282134771347046,"z":-10.902472496032715},"rotation":{"x":0.14142479002475739,"y":-0.16781927645206452,"z":0.024334928020834924,"w":0.9753180742263794},"size":2.0638856887817385,"orthographic":false}