{"cameraMode":{"drawMode":0,"name":"Shaded","section":"Shading Mode"},"sceneLighting":false,"audioPlay":false,"sceneViewState":{"showFog":true,"showMaterialUpdate":false,"showSkybox":false,"showFlares":true,"showImageEffects":true,"showParticleSystems":true,"showVisualEffectGraphs":true,"m_FxEnabled":true},"in2DMode":false,"pivot":{"x":-16.3290958404541,"y":1.4585692882537842,"z":-0.010962560772895813},"rotation":{"x":0.0008488625753670931,"y":0.9840524792671204,"z":-0.17785793542861939,"w":0.004725644830614328},"size":1.7285412549972535,"orthographic":false}