{"cameraMode":{"drawMode":0,"name":"Shaded","section":"Shading Mode"},"sceneLighting":false,"audioPlay":false,"sceneViewState":{"showFog":true,"showMaterialUpdate":false,"showSkybox":false,"showFlares":true,"showImageEffects":true,"showParticleSystems":true,"showVisualEffectGraphs":true,"m_FxEnabled":true},"in2DMode":false,"pivot":{"x":-10.772000312805176,"y":0.3400000035762787,"z":-11.920999526977539},"rotation":{"x":-0.1788366585969925,"y":-0.40209275484085085,"z":0.08033078163862229,"w":-0.8943853974342346},"size":0.17320552468299867,"orthographic":true}