{"cameraMode":{"drawMode":0,"name":"Shaded","section":"Shading Mode"},"sceneLighting":false,"audioPlay":false,"sceneViewState":{"showFog":true,"showMaterialUpdate":false,"showSkybox":false,"showFlares":true,"showImageEffects":true,"showParticleSystems":true,"showVisualEffectGraphs":true,"m_FxEnabled":true},"in2DMode":false,"pivot":{"x":5.313457012176514,"y":1.5717380046844483,"z":0.23749446868896485},"rotation":{"x":0.0008488625753670931,"y":0.9840524792671204,"z":-0.17785793542861939,"w":0.004725644830614328},"size":2.9025790691375734,"orthographic":false}